15,100,1,0,0,0,0,0
15,100,0,1,0,0,0,0
15,100,0,0,1,0,0,4
15,100,0,0,0,1,0,2
15,100,0,0,0,0,1,6
15,200,1,0,0,0,0,0
15,200,0,1,0,0,0,0
15,200,0,0,1,0,0,4
15,200,0,0,0,1,0,2
15,200,0,0,0,0,1,6
15,300,1,0,0,0,0,0
15,300,0,1,0,0,0,0
15,300,0,0,1,0,0,4
15,300,0,0,0,1,0,2
15,300,0,0,0,0,1,6
15,400,1,0,0,0,0,0
15,400,0,1,0,0,0,0
15,400,0,0,1,0,0,4
15,400,0,0,0,1,0,2
15,400,0,0,0,0,1,6
15,500,1,0,0,0,0,1
15,500,0,1,0,0,0,1
15,500,0,0,1,0,0,5
15,500,0,0,0,1,0,3
15,500,0,0,0,0,1,7
15,600,1,0,0,0,0,1
15,600,0,1,0,0,0,1
15,600,0,0,1,0,0,5
15,600,0,0,0,1,0,3
15,600,0,0,0,0,1,7
15,700,1,0,0,0,0,1
15,700,0,1,0,0,0,1
15,700,0,0,1,0,0,5
15,700,0,0,0,1,0,3
15,700,0,0,0,0,1,7
15,800,1,0,0,0,0,1
15,800,0,1,0,0,0,1
15,800,0,0,1,0,0,5
15,800,0,0,0,1,0,3
15,800,0,0,0,0,1,7
15,900,1,0,0,0,0,1
15,900,0,1,0,0,0,1
15,900,0,0,1,0,0,5
15,900,0,0,0,1,0,3
15,900,0,0,0,0,1,7
15,1000,1,0,0,0,0,1
15,1000,0,1,0,0,0,1
15,1000,0,0,1,0,0,5
15,1000,0,0,0,1,0,3
15,1000,0,0,0,0,1,7
16,100,1,0,0,0,0,0
16,100,0,1,0,0,0,0
16,100,0,0,1,0,0,4
16,100,0,0,0,1,0,2
16,100,0,0,0,0,1,6
16,200,1,0,0,0,0,0
16,200,0,1,0,0,0,0
16,200,0,0,1,0,0,4
16,200,0,0,0,1,0,2
16,200,0,0,0,0,1,6
16,300,1,0,0,0,0,0
16,300,0,1,0,0,0,0
16,300,0,0,1,0,0,4
16,300,0,0,0,1,0,2
16,300,0,0,0,0,1,6
16,400,1,0,0,0,0,0
16,400,0,1,0,0,0,0
16,400,0,0,1,0,0,4
16,400,0,0,0,1,0,2
16,400,0,0,0,0,1,6
16,500,1,0,0,0,0,1
16,500,0,1,0,0,0,1
16,500,0,0,1,0,0,5
16,500,0,0,0,1,0,3
16,500,0,0,0,0,1,7
16,600,1,0,0,0,0,1
16,600,0,1,0,0,0,1
16,600,0,0,1,0,0,5
16,600,0,0,0,1,0,3
16,600,0,0,0,0,1,7
16,700,1,0,0,0,0,1
16,700,0,1,0,0,0,1
16,700,0,0,1,0,0,5
16,700,0,0,0,1,0,3
16,700,0,0,0,0,1,7
16,800,1,0,0,0,0,1
16,800,0,1,0,0,0,1
16,800,0,0,1,0,0,5
16,800,0,0,0,1,0,3
16,800,0,0,0,0,1,7
16,900,1,0,0,0,0,1
16,900,0,1,0,0,0,1
16,900,0,0,1,0,0,5
16,900,0,0,0,1,0,3
16,900,0,0,0,0,1,7
16,1000,1,0,0,0,0,1
16,1000,0,1,0,0,0,1
16,1000,0,0,1,0,0,5
16,1000,0,0,0,1,0,3
16,1000,0,0,0,0,1,7
17,100,1,0,0,0,0,0
17,100,0,1,0,0,0,0
17,100,0,0,1,0,0,4
17,100,0,0,0,1,0,2
17,100,0,0,0,0,1,6
17,200,1,0,0,0,0,0
17,200,0,1,0,0,0,0
17,200,0,0,1,0,0,4
17,200,0,0,0,1,0,2
17,200,0,0,0,0,1,6
17,300,1,0,0,0,0,0
17,300,0,1,0,0,0,0
17,300,0,0,1,0,0,4
17,300,0,0,0,1,0,2
17,300,0,0,0,0,1,6
17,400,1,0,0,0,0,0
17,400,0,1,0,0,0,0
17,400,0,0,1,0,0,4
17,400,0,0,0,1,0,2
17,400,0,0,0,0,1,6
17,500,1,0,0,0,0,1
17,500,0,1,0,0,0,1
17,500,0,0,1,0,0,5
17,500,0,0,0,1,0,3
17,500,0,0,0,0,1,7
17,600,1,0,0,0,0,1
17,600,0,1,0,0,0,1
17,600,0,0,1,0,0,5
17,600,0,0,0,1,0,3
17,600,0,0,0,0,1,7
17,700,1,0,0,0,0,1
17,700,0,1,0,0,0,1
17,700,0,0,1,0,0,5
17,700,0,0,0,1,0,3
17,700,0,0,0,0,1,7
17,800,1,0,0,0,0,1
17,800,0,1,0,0,0,1
17,800,0,0,1,0,0,5
17,800,0,0,0,1,0,3
17,800,0,0,0,0,1,7
17,900,1,0,0,0,0,1
17,900,0,1,0,0,0,1
17,900,0,0,1,0,0,5
17,900,0,0,0,1,0,3
17,900,0,0,0,0,1,7
17,1000,1,0,0,0,0,1
17,1000,0,1,0,0,0,1
17,1000,0,0,1,0,0,5
17,1000,0,0,0,1,0,3
17,1000,0,0,0,0,1,7
18,100,1,0,0,0,0,0
18,100,0,1,0,0,0,0
18,100,0,0,1,0,0,4
18,100,0,0,0,1,0,2
18,100,0,0,0,0,1,6
18,200,1,0,0,0,0,0
18,200,0,1,0,0,0,0
18,200,0,0,1,0,0,4
18,200,0,0,0,1,0,2
18,200,0,0,0,0,1,6
18,300,1,0,0,0,0,0
18,300,0,1,0,0,0,0
18,300,0,0,1,0,0,4
18,300,0,0,0,1,0,2
18,300,0,0,0,0,1,6
18,400,1,0,0,0,0,0
18,400,0,1,0,0,0,0
18,400,0,0,1,0,0,4
18,400,0,0,0,1,0,2
18,400,0,0,0,0,1,6
18,500,1,0,0,0,0,1
18,500,0,1,0,0,0,1
18,500,0,0,1,0,0,5
18,500,0,0,0,1,0,3
18,500,0,0,0,0,1,7
18,600,1,0,0,0,0,1
18,600,0,1,0,0,0,1
18,600,0,0,1,0,0,5
18,600,0,0,0,1,0,3
18,600,0,0,0,0,1,7
18,700,1,0,0,0,0,1
18,700,0,1,0,0,0,1
18,700,0,0,1,0,0,5
18,700,0,0,0,1,0,3
18,700,0,0,0,0,1,7
18,800,1,0,0,0,0,1
18,800,0,1,0,0,0,1
18,800,0,0,1,0,0,5
18,800,0,0,0,1,0,3
18,800,0,0,0,0,1,7
18,900,1,0,0,0,0,1
18,900,0,1,0,0,0,1
18,900,0,0,1,0,0,5
18,900,0,0,0,1,0,3
18,900,0,0,0,0,1,7
18,1000,1,0,0,0,0,1
18,1000,0,1,0,0,0,1
18,1000,0,0,1,0,0,5
18,1000,0,0,0,1,0,3
18,1000,0,0,0,0,1,7
19,100,1,0,0,0,0,0
19,100,0,1,0,0,0,0
19,100,0,0,1,0,0,4
19,100,0,0,0,1,0,2
19,100,0,0,0,0,1,6
19,200,1,0,0,0,0,0
19,200,0,1,0,0,0,0
19,200,0,0,1,0,0,4
19,200,0,0,0,1,0,2
19,200,0,0,0,0,1,6
19,300,1,0,0,0,0,0
19,300,0,1,0,0,0,0
19,300,0,0,1,0,0,4
19,300,0,0,0,1,0,2
19,300,0,0,0,0,1,6
19,400,1,0,0,0,0,0
19,400,0,1,0,0,0,0
19,400,0,0,1,0,0,4
19,400,0,0,0,1,0,2
19,400,0,0,0,0,1,6
19,500,1,0,0,0,0,1
19,500,0,1,0,0,0,1
19,500,0,0,1,0,0,5
19,500,0,0,0,1,0,3
19,500,0,0,0,0,1,7
19,600,1,0,0,0,0,1
19,600,0,1,0,0,0,1
19,600,0,0,1,0,0,5
19,600,0,0,0,1,0,3
19,600,0,0,0,0,1,7
19,700,1,0,0,0,0,1
19,700,0,1,0,0,0,1
19,700,0,0,1,0,0,5
19,700,0,0,0,1,0,3
19,700,0,0,0,0,1,7
19,800,1,0,0,0,0,1
19,800,0,1,0,0,0,1
19,800,0,0,1,0,0,5
19,800,0,0,0,1,0,3
19,800,0,0,0,0,1,7
19,900,1,0,0,0,0,1
19,900,0,1,0,0,0,1
19,900,0,0,1,0,0,5
19,900,0,0,0,1,0,3
19,900,0,0,0,0,1,7
19,1000,1,0,0,0,0,1
19,1000,0,1,0,0,0,1
19,1000,0,0,1,0,0,5
19,1000,0,0,0,1,0,3
19,1000,0,0,0,0,1,7
20,100,1,0,0,0,0,0
20,100,0,1,0,0,0,0
20,100,0,0,1,0,0,4
20,100,0,0,0,1,0,2
20,100,0,0,0,0,1,6
20,200,1,0,0,0,0,0
20,200,0,1,0,0,0,0
20,200,0,0,1,0,0,4
20,200,0,0,0,1,0,2
20,200,0,0,0,0,1,6
20,300,1,0,0,0,0,0
20,300,0,1,0,0,0,0
20,300,0,0,1,0,0,4
20,300,0,0,0,1,0,2
20,300,0,0,0,0,1,6
20,400,1,0,0,0,0,0
20,400,0,1,0,0,0,0
20,400,0,0,1,0,0,4
20,400,0,0,0,1,0,2
20,400,0,0,0,0,1,6
20,500,1,0,0,0,0,1
20,500,0,1,0,0,0,1
20,500,0,0,1,0,0,5
20,500,0,0,0,1,0,3
20,500,0,0,0,0,1,7
20,600,1,0,0,0,0,1
20,600,0,1,0,0,0,1
20,600,0,0,1,0,0,5
20,600,0,0,0,1,0,3
20,600,0,0,0,0,1,7
20,700,1,0,0,0,0,1
20,700,0,1,0,0,0,1
20,700,0,0,1,0,0,5
20,700,0,0,0,1,0,3
20,700,0,0,0,0,1,7
20,800,1,0,0,0,0,1
20,800,0,1,0,0,0,1
20,800,0,0,1,0,0,5
20,800,0,0,0,1,0,3
20,800,0,0,0,0,1,7
20,900,1,0,0,0,0,1
20,900,0,1,0,0,0,1
20,900,0,0,1,0,0,5
20,900,0,0,0,1,0,3
20,900,0,0,0,0,1,7
20,1000,1,0,0,0,0,1
20,1000,0,1,0,0,0,1
20,1000,0,0,1,0,0,5
20,1000,0,0,0,1,0,3
20,1000,0,0,0,0,1,7
21,100,1,0,0,0,0,0
21,100,0,1,0,0,0,0
21,100,0,0,1,0,0,4
21,100,0,0,0,1,0,2
21,100,0,0,0,0,1,6
21,200,1,0,0,0,0,0
21,200,0,1,0,0,0,0
21,200,0,0,1,0,0,4
21,200,0,0,0,1,0,2
21,200,0,0,0,0,1,6
21,300,1,0,0,0,0,0
21,300,0,1,0,0,0,0
21,300,0,0,1,0,0,4
21,300,0,0,0,1,0,2
21,300,0,0,0,0,1,6
21,400,1,0,0,0,0,0
21,400,0,1,0,0,0,0
21,400,0,0,1,0,0,4
21,400,0,0,0,1,0,2
21,400,0,0,0,0,1,6
21,500,1,0,0,0,0,1
21,500,0,1,0,0,0,1
21,500,0,0,1,0,0,5
21,500,0,0,0,1,0,3
21,500,0,0,0,0,1,7
21,600,1,0,0,0,0,1
21,600,0,1,0,0,0,1
21,600,0,0,1,0,0,5
21,600,0,0,0,1,0,3
21,600,0,0,0,0,1,7
21,700,1,0,0,0,0,1
21,700,0,1,0,0,0,1
21,700,0,0,1,0,0,5
21,700,0,0,0,1,0,3
21,700,0,0,0,0,1,7
21,800,1,0,0,0,0,1
21,800,0,1,0,0,0,1
21,800,0,0,1,0,0,5
21,800,0,0,0,1,0,3
21,800,0,0,0,0,1,7
21,900,1,0,0,0,0,1
21,900,0,1,0,0,0,1
21,900,0,0,1,0,0,5
21,900,0,0,0,1,0,3
21,900,0,0,0,0,1,7
21,1000,1,0,0,0,0,1
21,1000,0,1,0,0,0,1
21,1000,0,0,1,0,0,5
21,1000,0,0,0,1,0,3
21,1000,0,0,0,0,1,7
22,100,1,0,0,0,0,0
22,100,0,1,0,0,0,0
22,100,0,0,1,0,0,4
22,100,0,0,0,1,0,2
22,100,0,0,0,0,1,6
22,200,1,0,0,0,0,0
22,200,0,1,0,0,0,0
22,200,0,0,1,0,0,4
22,200,0,0,0,1,0,2
22,200,0,0,0,0,1,6
22,300,1,0,0,0,0,0
22,300,0,1,0,0,0,0
22,300,0,0,1,0,0,4
22,300,0,0,0,1,0,2
22,300,0,0,0,0,1,6
22,400,1,0,0,0,0,0
22,400,0,1,0,0,0,0
22,400,0,0,1,0,0,4
22,400,0,0,0,1,0,2
22,400,0,0,0,0,1,6
22,500,1,0,0,0,0,1
22,500,0,1,0,0,0,1
22,500,0,0,1,0,0,5
22,500,0,0,0,1,0,3
22,500,0,0,0,0,1,7
22,600,1,0,0,0,0,1
22,600,0,1,0,0,0,1
22,600,0,0,1,0,0,5
22,600,0,0,0,1,0,3
22,600,0,0,0,0,1,7
22,700,1,0,0,0,0,1
22,700,0,1,0,0,0,1
22,700,0,0,1,0,0,5
22,700,0,0,0,1,0,3
22,700,0,0,0,0,1,7
22,800,1,0,0,0,0,1
22,800,0,1,0,0,0,1
22,800,0,0,1,0,0,5
22,800,0,0,0,1,0,3
22,800,0,0,0,0,1,7
22,900,1,0,0,0,0,1
22,900,0,1,0,0,0,1
22,900,0,0,1,0,0,5
22,900,0,0,0,1,0,3
22,900,0,0,0,0,1,7
22,1000,1,0,0,0,0,1
22,1000,0,1,0,0,0,1
22,1000,0,0,1,0,0,5
22,1000,0,0,0,1,0,3
22,1000,0,0,0,0,1,7
23,100,1,0,0,0,0,0
23,100,0,1,0,0,0,0
23,100,0,0,1,0,0,4
23,100,0,0,0,1,0,2
23,100,0,0,0,0,1,6
23,200,1,0,0,0,0,0
23,200,0,1,0,0,0,0
23,200,0,0,1,0,0,4
23,200,0,0,0,1,0,2
23,200,0,0,0,0,1,6
23,300,1,0,0,0,0,0
23,300,0,1,0,0,0,0
23,300,0,0,1,0,0,4
23,300,0,0,0,1,0,2
23,300,0,0,0,0,1,6
23,400,1,0,0,0,0,0
23,400,0,1,0,0,0,0
23,400,0,0,1,0,0,4
23,400,0,0,0,1,0,2
23,400,0,0,0,0,1,6
23,500,1,0,0,0,0,1
23,500,0,1,0,0,0,1
23,500,0,0,1,0,0,5
23,500,0,0,0,1,0,3
23,500,0,0,0,0,1,7
23,600,1,0,0,0,0,1
23,600,0,1,0,0,0,1
23,600,0,0,1,0,0,5
23,600,0,0,0,1,0,3
23,600,0,0,0,0,1,7
23,700,1,0,0,0,0,1
23,700,0,1,0,0,0,1
23,700,0,0,1,0,0,5
23,700,0,0,0,1,0,3
23,700,0,0,0,0,1,7
23,800,1,0,0,0,0,1
23,800,0,1,0,0,0,1
23,800,0,0,1,0,0,5
23,800,0,0,0,1,0,3
23,800,0,0,0,0,1,7
23,900,1,0,0,0,0,1
23,900,0,1,0,0,0,1
23,900,0,0,1,0,0,5
23,900,0,0,0,1,0,3
23,900,0,0,0,0,1,7
23,1000,1,0,0,0,0,1
23,1000,0,1,0,0,0,1
23,1000,0,0,1,0,0,5
23,1000,0,0,0,1,0,3
23,1000,0,0,0,0,1,7
24,100,1,0,0,0,0,0
24,100,0,1,0,0,0,0
24,100,0,0,1,0,0,4
24,100,0,0,0,1,0,2
24,100,0,0,0,0,1,6
24,200,1,0,0,0,0,0
24,200,0,1,0,0,0,0
24,200,0,0,1,0,0,4
24,200,0,0,0,1,0,2
24,200,0,0,0,0,1,6
24,300,1,0,0,0,0,0
24,300,0,1,0,0,0,0
24,300,0,0,1,0,0,4
24,300,0,0,0,1,0,2
24,300,0,0,0,0,1,6
24,400,1,0,0,0,0,0
24,400,0,1,0,0,0,0
24,400,0,0,1,0,0,4
24,400,0,0,0,1,0,2
24,400,0,0,0,0,1,6
24,500,1,0,0,0,0,1
24,500,0,1,0,0,0,1
24,500,0,0,1,0,0,5
24,500,0,0,0,1,0,3
24,500,0,0,0,0,1,7
24,600,1,0,0,0,0,1
24,600,0,1,0,0,0,1
24,600,0,0,1,0,0,5
24,600,0,0,0,1,0,3
24,600,0,0,0,0,1,7
24,700,1,0,0,0,0,1
24,700,0,1,0,0,0,1
24,700,0,0,1,0,0,5
24,700,0,0,0,1,0,3
24,700,0,0,0,0,1,7
24,800,1,0,0,0,0,1
24,800,0,1,0,0,0,1
24,800,0,0,1,0,0,5
24,800,0,0,0,1,0,3
24,800,0,0,0,0,1,7
24,900,1,0,0,0,0,1
24,900,0,1,0,0,0,1
24,900,0,0,1,0,0,5
24,900,0,0,0,1,0,3
24,900,0,0,0,0,1,7
24,1000,1,0,0,0,0,1
24,1000,0,1,0,0,0,1
24,1000,0,0,1,0,0,5
24,1000,0,0,0,1,0,3
24,1000,0,0,0,0,1,7
25,100,1,0,0,0,0,0
25,100,0,1,0,0,0,0
25,100,0,0,1,0,0,4
25,100,0,0,0,1,0,2
25,100,0,0,0,0,1,6
25,200,1,0,0,0,0,0
25,200,0,1,0,0,0,0
25,200,0,0,1,0,0,4
25,200,0,0,0,1,0,2
25,200,0,0,0,0,1,6
25,300,1,0,0,0,0,0
25,300,0,1,0,0,0,0
25,300,0,0,1,0,0,4
25,300,0,0,0,1,0,2
25,300,0,0,0,0,1,6
25,400,1,0,0,0,0,0
25,400,0,1,0,0,0,0
25,400,0,0,1,0,0,4
25,400,0,0,0,1,0,2
25,400,0,0,0,0,1,6
25,500,1,0,0,0,0,1
25,500,0,1,0,0,0,1
25,500,0,0,1,0,0,5
25,500,0,0,0,1,0,3
25,500,0,0,0,0,1,7
25,600,1,0,0,0,0,1
25,600,0,1,0,0,0,1
25,600,0,0,1,0,0,5
25,600,0,0,0,1,0,3
25,600,0,0,0,0,1,7
25,700,1,0,0,0,0,1
25,700,0,1,0,0,0,1
25,700,0,0,1,0,0,5
25,700,0,0,0,1,0,3
25,700,0,0,0,0,1,7
25,800,1,0,0,0,0,1
25,800,0,1,0,0,0,1
25,800,0,0,1,0,0,5
25,800,0,0,0,1,0,3
25,800,0,0,0,0,1,7
25,900,1,0,0,0,0,1
25,900,0,1,0,0,0,1
25,900,0,0,1,0,0,5
25,900,0,0,0,1,0,3
25,900,0,0,0,0,1,7
25,1000,1,0,0,0,0,1
25,1000,0,1,0,0,0,1
25,1000,0,0,1,0,0,5
25,1000,0,0,0,1,0,3
25,1000,0,0,0,0,1,7
25,100,2,0,0,0,0,0
25,100,0,2,0,0,0,0
25,100,0,0,2,0,0,4
25,100,0,0,0,2,0,2
25,100,0,0,0,0,2,6
25,200,2,0,0,0,0,0
25,200,0,2,0,0,0,0
25,200,0,0,2,0,0,4
25,200,0,0,0,2,0,2
25,200,0,0,0,0,2,6
25,300,2,0,0,0,0,0
25,300,0,2,0,0,0,0
25,300,0,0,2,0,0,4
25,300,0,0,0,2,0,2
25,300,0,0,0,0,2,6
25,400,1,0,0,0,0,0
25,400,0,2,0,0,0,0
25,400,0,0,2,0,0,4
25,400,0,0,0,2,0,2
25,400,0,0,0,0,2,6
25,500,2,0,0,0,0,1
25,500,0,2,0,0,0,1
25,500,0,0,2,0,0,5
25,500,0,0,0,2,0,3
25,500,0,0,0,0,2,7
25,600,2,0,0,0,0,1
25,600,0,2,0,0,0,1
25,600,0,0,2,0,0,5
25,600,0,0,0,2,0,3
25,600,0,0,0,0,2,7
25,700,2,0,0,0,0,1
25,700,0,2,0,0,0,1
25,700,0,0,2,0,0,5
25,700,0,0,0,2,0,3
25,700,0,0,0,0,2,7
25,800,2,0,0,0,0,1
25,800,0,2,0,0,0,1
25,800,0,0,1,0,0,5
25,800,0,0,0,2,0,3
25,800,0,0,0,0,2,7
25,900,2,0,0,0,0,1
25,900,0,2,0,0,0,1
25,900,0,0,2,0,0,5
25,900,0,0,0,2,0,3
25,900,0,0,0,0,2,7
25,1000,2,0,0,0,0,1
25,1000,0,2,0,0,0,1
25,1000,0,0,2,0,0,5
25,1000,0,0,0,2,0,3
25,1000,0,0,0,0,2,7
25,100,3,0,0,0,0,0
25,100,0,3,0,0,0,0
25,100,0,0,3,0,0,4
25,100,0,0,0,3,0,2
25,100,0,0,0,0,3,6
25,200,3,0,0,0,0,0
25,200,0,3,0,0,0,0
25,200,0,0,3,0,0,4
25,200,0,0,0,3,0,2
25,200,0,0,0,0,3,6
25,300,3,0,0,0,0,0
25,300,0,3,0,0,0,0
25,300,0,0,3,0,0,4
25,300,0,0,0,3,0,2
25,300,0,0,0,0,3,6
25,400,3,0,0,0,0,0
25,400,0,3,0,0,0,0
25,400,0,0,3,0,0,4
25,400,0,0,0,3,0,2
25,400,0,0,0,0,3,6
25,500,3,0,0,0,0,1
25,500,0,3,0,0,0,1
25,500,0,0,3,0,0,5
25,500,0,0,0,3,0,3
25,500,0,0,0,0,3,7
25,600,3,0,0,0,0,1
25,600,0,3,0,0,0,1
25,600,0,0,3,0,0,5
25,600,0,0,0,3,0,3
25,600,0,0,0,0,3,7
25,700,3,0,0,0,0,1
25,700,0,3,0,0,0,1
25,700,0,0,3,0,0,5
25,700,0,0,0,3,0,3
25,700,0,0,0,0,3,7
25,800,3,0,0,0,0,1
25,800,0,3,0,0,0,1
25,800,0,0,3,0,0,5
25,800,0,0,0,3,0,3
25,800,0,0,0,0,3,7
25,900,3,0,0,0,0,1
25,900,0,3,0,0,0,1
25,900,0,0,3,0,0,5
25,900,0,0,0,3,0,3
25,900,0,0,0,0,3,7
25,1000,3,0,0,0,0,1
25,1000,0,3,0,0,0,1
25,1000,0,0,3,0,0,5
25,1000,0,0,0,3,0,3
25,1000,0,0,0,0,3,7
25,100,3,1,0,0,0,0
25,100,2,3,0,0,0,0
25,100,0,1,3,1,0,4
25,100,1,0,0,3,0,2
25,100,0,0,0,0,3,6
25,200,3,2,1,0,0,0
25,200,0,3,0,0,1,0
25,200,1,0,3,0,0,4
25,200,0,2,0,3,0,2
25,200,0,0,0,1,3,6
25,300,3,0,0,2,0,0
25,300,0,3,1,0,0,0
25,300,0,2,3,0,0,4
25,300,2,2,0,3,0,2
25,300,1,1,1,1,3,6
25,400,3,1,1,1,0,0
25,400,2,3,0,1,1,0
25,400,0,0,3,2,1,4
25,400,1,2,0,3,0,2
25,400,0,0,1,2,3,6
25,500,3,1,1,1,1,1
25,500,2,3,1,1,0,1
25,500,0,0,3,0,0,5
25,500,0,0,0,3,0,3
25,500,0,0,0,0,3,7
25,600,3,0,0,1,0,1
25,600,0,3,0,0,0,1
25,600,0,0,3,0,0,5
25,600,1,0,0,3,0,3
25,600,0,2,0,0,3,7
25,700,3,0,2,0,0,1
25,700,0,3,0,1,0,1
25,700,0,1,3,0,0,5
25,700,0,0,0,3,2,3
25,700,2,2,0,0,3,7
25,800,3,1,0,0,0,1
25,800,2,3,0,0,0,1
25,800,2,1,3,0,0,5
25,800,0,0,0,3,1,3
25,800,0,0,2,0,3,7
25,900,3,1,0,0,0,1
25,900,0,3,0,2,0,1
25,900,2,2,3,0,0,5
25,900,2,2,1,3,0,3
25,900,1,2,1,0,3,7
25,1000,3,2,2,1,0,1
25,1000,0,3,0,0,0,1
25,1000,0,0,3,0,0,5
25,1000,0,0,0,3,0,3
25,1000,0,0,0,0,3,7
26,100,3,0,0,0,0,0
26,100,0,3,0,0,0,0
26,100,0,0,3,0,0,4
26,100,0,0,0,3,0,2
26,100,0,0,0,0,3,6
26,200,3,0,0,0,0,0
26,200,0,3,0,0,0,0
26,200,0,0,3,0,0,4
26,200,0,0,0,3,0,2
26,200,0,0,0,0,3,6
26,300,3,0,0,0,0,0
26,300,0,3,0,0,0,0
26,300,0,0,3,0,0,4
26,300,0,0,0,3,0,2
26,300,0,0,0,0,3,6
26,400,3,0,0,0,0,0
26,400,0,3,0,0,0,0
26,400,0,0,3,0,0,4
26,400,0,0,0,3,0,2
26,400,0,0,0,0,3,6
26,500,3,0,0,0,0,1
26,500,0,3,0,0,0,1
26,500,0,0,3,0,0,5
26,500,0,0,0,3,0,3
26,500,0,0,0,0,3,7
26,600,3,0,0,0,0,1
26,600,0,3,0,0,0,1
26,600,0,0,3,0,0,5
26,600,0,0,0,3,0,3
26,600,0,0,0,0,3,7
26,700,3,0,0,0,0,1
26,700,0,3,0,0,0,1
26,700,0,0,3,0,0,5
26,700,0,0,0,3,0,3
26,700,0,0,0,0,3,7
26,800,3,0,0,0,0,1
26,800,0,3,0,0,0,1
26,800,0,0,3,0,0,5
26,800,0,0,0,3,0,3
26,800,0,0,0,0,3,7
26,900,3,0,0,0,0,1
26,900,0,3,0,0,0,1
26,900,0,0,3,0,0,5
26,900,0,0,0,3,0,3
26,900,0,0,0,0,3,7
26,1000,3,0,0,0,0,1
26,1000,0,3,0,0,0,1
26,1000,0,0,3,0,0,5
26,1000,0,0,0,3,0,3
26,1000,0,0,0,0,3,7
26,100,3,1,0,0,0,0
26,100,2,3,0,0,0,0
26,100,0,1,3,1,0,4
26,100,1,0,0,3,0,2
26,100,0,0,0,0,3,6
26,200,3,2,1,0,0,0
26,200,0,3,0,0,1,0
26,200,1,0,3,0,0,4
26,200,0,2,0,3,0,2
26,200,0,0,0,1,3,6
26,300,3,0,0,2,0,0
26,300,0,3,1,0,0,0
26,300,0,2,3,0,0,4
26,300,2,2,0,3,0,2
26,300,1,1,1,1,3,6
26,400,3,1,1,1,0,0
26,400,2,3,0,1,1,0
26,400,0,0,3,2,1,4
26,400,1,2,0,3,0,2
26,400,0,0,1,2,3,6
26,500,3,1,1,1,1,1
26,500,2,3,1,1,0,1
26,500,0,0,3,0,0,5
26,500,0,0,0,3,0,3
26,500,0,0,0,0,3,7
26,600,3,0,0,1,0,1
26,600,0,3,0,0,0,1
26,600,0,0,3,0,0,5
26,600,1,0,0,3,0,3
26,600,0,2,0,0,3,7
26,700,3,0,2,0,0,1
26,700,0,3,0,1,0,1
26,700,0,1,3,0,0,5
26,700,0,0,0,3,2,3
26,700,2,2,0,0,3,7
26,800,3,1,0,0,0,1
26,800,2,3,0,0,0,1
26,800,2,1,3,0,0,5
26,800,0,0,0,3,1,3
26,800,0,0,2,0,3,7
26,900,3,1,0,0,0,1
26,900,0,3,0,2,0,1
26,900,2,2,3,0,0,5
26,900,2,2,1,3,0,3
26,900,1,2,1,0,3,7
26,1000,3,2,2,1,0,1
26,1000,0,3,0,0,0,1
26,1000,0,0,3,0,0,5
26,1000,0,0,0,3,0,3
26,1000,0,0,0,0,3,7
27,100,3,0,0,0,0,0
27,100,0,3,0,0,0,0
27,100,0,0,3,0,0,4
27,100,0,0,0,3,0,2
27,100,0,0,0,0,3,6
27,200,3,0,0,0,0,0
27,200,0,3,0,0,0,0
27,200,0,0,3,0,0,4
27,200,0,0,0,3,0,2
27,200,0,0,0,0,3,6
27,300,3,0,0,0,0,0
27,300,0,3,0,0,0,0
27,300,0,0,3,0,0,4
27,300,0,0,0,3,0,2
27,300,0,0,0,0,3,6
27,400,3,0,0,0,0,0
27,400,0,3,0,0,0,0
27,400,0,0,3,0,0,4
27,400,0,0,0,3,0,2
27,400,0,0,0,0,3,6
27,500,3,0,0,0,0,1
27,500,0,3,0,0,0,1
27,500,0,0,3,0,0,5
27,500,0,0,0,3,0,3
27,500,0,0,0,0,3,7
27,600,3,0,0,0,0,1
27,600,0,3,0,0,0,1
27,600,0,0,3,0,0,5
27,600,0,0,0,3,0,3
27,600,0,0,0,0,3,7
27,700,3,0,0,0,0,1
27,700,0,3,0,0,0,1
27,700,0,0,3,0,0,5
27,700,0,0,0,3,0,3
27,700,0,0,0,0,3,7
27,800,3,0,0,0,0,1
27,800,0,3,0,0,0,1
27,800,0,0,3,0,0,5
27,800,0,0,0,3,0,3
27,800,0,0,0,0,3,7
27,900,3,0,0,0,0,1
27,900,0,3,0,0,0,1
27,900,0,0,3,0,0,5
27,900,0,0,0,3,0,3
27,900,0,0,0,0,3,7
27,1000,3,0,0,0,0,1
27,1000,0,3,0,0,0,1
27,1000,0,0,3,0,0,5
27,1000,0,0,0,3,0,3
27,1000,0,0,0,0,3,7
27,100,3,1,0,0,0,0
27,100,2,3,0,0,0,0
27,100,0,1,3,1,0,4
27,100,1,0,0,3,0,2
27,100,0,0,0,0,3,6
27,200,3,2,1,0,0,0
27,200,0,3,0,0,1,0
27,200,1,0,3,0,0,4
27,200,0,2,0,3,0,2
27,200,0,0,0,1,3,6
27,300,3,0,0,2,0,0
27,300,0,3,1,0,0,0
27,300,0,2,3,0,0,4
27,300,2,2,0,3,0,2
27,300,1,1,1,1,3,6
27,400,3,1,1,1,0,0
27,400,2,3,0,1,1,0
27,400,0,0,3,2,1,4
27,400,1,2,0,3,0,2
27,400,0,0,1,2,3,6
27,500,3,1,1,1,1,1
27,500,2,3,1,1,0,1
27,500,0,0,3,0,0,5
27,500,0,0,0,3,0,3
27,500,0,0,0,0,3,7
27,600,3,0,0,1,0,1
27,600,0,3,0,0,0,1
27,600,0,0,3,0,0,5
27,600,1,0,0,3,0,3
27,600,0,2,0,0,3,7
27,700,3,0,2,0,0,1
27,700,0,3,0,1,0,1
27,700,0,1,3,0,0,5
27,700,0,0,0,3,2,3
27,700,2,2,0,0,3,7
27,800,3,1,0,0,0,1
27,800,2,3,0,0,0,1
27,800,2,1,3,0,0,5
27,800,0,0,0,3,1,3
27,800,0,0,2,0,3,7
27,900,3,1,0,0,0,1
27,900,0,3,0,2,0,1
27,900,2,2,3,0,0,5
27,900,2,2,1,3,0,3
27,900,1,2,1,0,3,7
27,1000,3,2,2,1,0,1
27,1000,0,3,0,0,0,1
27,1000,0,0,3,0,0,5
27,1000,0,0,0,3,0,3
27,1000,0,0,0,0,3,7
28,100,3,0,0,0,0,0
28,100,0,3,0,0,0,0
28,100,0,0,3,0,0,4
28,100,0,0,0,3,0,2
28,100,0,0,0,0,3,6
28,200,3,0,0,0,0,0
28,200,0,3,0,0,0,0
28,200,0,0,3,0,0,4
28,200,0,0,0,3,0,2
28,200,0,0,0,0,3,6
28,300,3,0,0,0,0,0
28,300,0,3,0,0,0,0
28,300,0,0,3,0,0,4
28,300,0,0,0,3,0,2
28,300,0,0,0,0,3,6
28,400,3,0,0,0,0,0
28,400,0,3,0,0,0,0
28,400,0,0,3,0,0,4
28,400,0,0,0,3,0,2
28,400,0,0,0,0,3,6
28,500,3,0,0,0,0,1
28,500,0,3,0,0,0,1
28,500,0,0,3,0,0,5
28,500,0,0,0,3,0,3
28,500,0,0,0,0,3,7
28,600,3,0,0,0,0,1
28,600,0,3,0,0,0,1
28,600,0,0,3,0,0,5
28,600,0,0,0,3,0,3
28,600,0,0,0,0,3,7
28,700,3,0,0,0,0,1
28,700,0,3,0,0,0,1
28,700,0,0,3,0,0,5
28,700,0,0,0,3,0,3
28,700,0,0,0,0,3,7
28,800,3,0,0,0,0,1
28,800,0,3,0,0,0,1
28,800,0,0,3,0,0,5
28,800,0,0,0,3,0,3
28,800,0,0,0,0,3,7
28,900,3,0,0,0,0,1
28,900,0,3,0,0,0,1
28,900,0,0,3,0,0,5
28,900,0,0,0,3,0,3
28,900,0,0,0,0,3,7
28,1000,3,0,0,0,0,1
28,1000,0,3,0,0,0,1
28,1000,0,0,3,0,0,5
28,1000,0,0,0,3,0,3
28,1000,0,0,0,0,3,7
28,100,3,1,0,0,0,0
28,100,2,3,0,0,0,0
28,100,0,1,3,1,0,4
28,100,1,0,0,3,0,2
28,100,0,0,0,0,3,6
28,200,3,2,1,0,0,0
28,200,0,3,0,0,1,0
28,200,1,0,3,0,0,4
28,200,0,2,0,3,0,2
28,200,0,0,0,1,3,6
28,300,3,0,0,2,0,0
28,300,0,3,1,0,0,0
28,300,0,2,3,0,0,4
28,300,2,2,0,3,0,2
28,300,1,1,1,1,3,6
28,400,3,1,1,1,0,0
28,400,2,3,0,1,1,0
28,400,0,0,3,2,1,4
28,400,1,2,0,3,0,2
28,400,0,0,1,2,3,6
28,500,3,1,1,1,1,1
28,500,2,3,1,1,0,1
28,500,0,0,3,0,0,5
28,500,0,0,0,3,0,3
28,500,0,0,0,0,3,7
28,600,3,0,0,1,0,1
28,600,0,3,0,0,0,1
28,600,0,0,3,0,0,5
28,600,1,0,0,3,0,3
28,600,0,2,0,0,3,7
28,700,3,0,2,0,0,1
28,700,0,3,0,1,0,1
28,700,0,1,3,0,0,5
28,700,0,0,0,3,2,3
28,700,2,2,0,0,3,7
28,800,3,1,0,0,0,1
28,800,2,3,0,0,0,1
28,800,2,1,3,0,0,5
28,800,0,0,0,3,1,3
28,800,0,0,2,0,3,7
28,900,3,1,0,0,0,1
28,900,0,3,0,2,0,1
28,900,2,2,3,0,0,5
28,900,2,2,1,3,0,3
28,900,1,2,1,0,3,7
28,1000,3,2,2,1,0,1
28,1000,0,3,0,0,0,1
28,1000,0,0,3,0,0,5
28,1000,0,0,0,3,0,3
28,1000,0,0,0,0,3,7
29,100,3,0,0,0,0,0
29,100,0,3,0,0,0,0
29,100,0,0,3,0,0,4
29,100,0,0,0,3,0,2
29,100,0,0,0,0,3,6
29,200,3,0,0,0,0,0
29,200,0,3,0,0,0,0
29,200,0,0,3,0,0,4
29,200,0,0,0,3,0,2
29,200,0,0,0,0,3,6
29,300,3,0,0,0,0,0
29,300,0,3,0,0,0,0
29,300,0,0,3,0,0,4
29,300,0,0,0,3,0,2
29,300,0,0,0,0,3,6
29,400,3,0,0,0,0,0
29,400,0,3,0,0,0,0
29,400,0,0,3,0,0,4
29,400,0,0,0,3,0,2
29,400,0,0,0,0,3,6
29,500,3,0,0,0,0,1
29,500,0,3,0,0,0,1
29,500,0,0,3,0,0,5
29,500,0,0,0,3,0,3
29,500,0,0,0,0,3,7
29,600,3,0,0,0,0,1
29,600,0,3,0,0,0,1
29,600,0,0,3,0,0,5
29,600,0,0,0,3,0,3
29,600,0,0,0,0,3,7
29,700,3,0,0,0,0,1
29,700,0,3,0,0,0,1
29,700,0,0,3,0,0,5
29,700,0,0,0,3,0,3
29,700,0,0,0,0,3,7
29,800,3,0,0,0,0,1
29,800,0,3,0,0,0,1
29,800,0,0,3,0,0,5
29,800,0,0,0,3,0,3
29,800,0,0,0,0,3,7
29,900,3,0,0,0,0,1
29,900,0,3,0,0,0,1
29,900,0,0,3,0,0,5
29,900,0,0,0,3,0,3
29,900,0,0,0,0,3,7
29,1000,3,0,0,0,0,1
29,1000,0,3,0,0,0,1
29,1000,0,0,3,0,0,5
29,1000,0,0,0,3,0,3
29,1000,0,0,0,0,3,7
29,100,3,1,0,0,0,0
29,100,2,3,0,0,0,0
29,100,0,1,3,1,0,4
29,100,1,0,0,3,0,2
29,100,0,0,0,0,3,6
29,200,3,2,1,0,0,0
29,200,0,3,0,0,1,0
29,200,1,0,3,0,0,4
29,200,0,2,0,3,0,2
29,200,0,0,0,1,3,6
29,300,3,0,0,2,0,0
29,300,0,3,1,0,0,0
29,300,0,2,3,0,0,4
29,300,2,2,0,3,0,2
29,300,1,1,1,1,3,6
29,400,3,1,1,1,0,0
29,400,2,3,0,1,1,0
29,400,0,0,3,2,1,4
29,400,1,2,0,3,0,2
29,400,0,0,1,2,3,6
29,500,3,1,1,1,1,1
29,500,2,3,1,1,0,1
29,500,0,0,3,0,0,5
29,500,0,0,0,3,0,3
29,500,0,0,0,0,3,7
29,600,3,0,0,1,0,1
29,600,0,3,0,0,0,1
29,600,0,0,3,0,0,5
29,600,1,0,0,3,0,3
29,600,0,2,0,0,3,7
29,700,3,0,2,0,0,1
29,700,0,3,0,1,0,1
29,700,0,1,3,0,0,5
29,700,0,0,0,3,2,3
29,700,2,2,0,0,3,7
29,800,3,1,0,0,0,1
29,800,2,3,0,0,0,1
29,800,2,1,3,0,0,5
29,800,0,0,0,3,1,3
29,800,0,0,2,0,3,7
29,900,3,1,0,0,0,1
29,900,0,3,0,2,0,1
29,900,2,2,3,0,0,5
29,900,2,2,1,3,0,3
29,900,1,2,1,0,3,7
29,1000,3,2,2,1,0,1
29,1000,0,3,0,0,0,1
29,1000,0,0,3,0,0,5
29,1000,0,0,0,3,0,3
29,1000,0,0,0,0,3,7
30,100,3,0,0,0,0,0
30,100,0,3,0,0,0,0
30,100,0,0,3,0,0,4
30,100,0,0,0,3,0,2
30,100,0,0,0,0,3,6
30,200,3,0,0,0,0,0
30,200,0,3,0,0,0,0
30,200,0,0,3,0,0,4
30,200,0,0,0,3,0,2
30,200,0,0,0,0,3,6
30,300,3,0,0,0,0,0
30,300,0,3,0,0,0,0
30,300,0,0,3,0,0,4
30,300,0,0,0,3,0,2
30,300,0,0,0,0,3,6
30,400,3,0,0,0,0,0
30,400,0,3,0,0,0,0
30,400,0,0,3,0,0,4
30,400,0,0,0,3,0,2
30,400,0,0,0,0,3,6
30,500,3,0,0,0,0,1
30,500,0,3,0,0,0,1
30,500,0,0,3,0,0,5
30,500,0,0,0,3,0,3
30,500,0,0,0,0,3,7
30,600,3,0,0,0,0,1
30,600,0,3,0,0,0,1
30,600,0,0,3,0,0,5
30,600,0,0,0,3,0,3
30,600,0,0,0,0,3,7
30,700,3,0,0,0,0,1
30,700,0,3,0,0,0,1
30,700,0,0,3,0,0,5
30,700,0,0,0,3,0,3
30,700,0,0,0,0,3,7
30,800,3,0,0,0,0,1
30,800,0,3,0,0,0,1
30,800,0,0,3,0,0,5
30,800,0,0,0,3,0,3
30,800,0,0,0,0,3,7
30,900,3,0,0,0,0,1
30,900,0,3,0,0,0,1
30,900,0,0,3,0,0,5
30,900,0,0,0,3,0,3
30,900,0,0,0,0,3,7
30,1000,3,0,0,0,0,1
30,1000,0,3,0,0,0,1
30,1000,0,0,3,0,0,5
30,1000,0,0,0,3,0,3
30,1000,0,0,0,0,3,7
30,100,3,1,0,0,0,0
30,100,2,3,0,0,0,0
30,100,0,1,3,1,0,4
30,100,1,0,0,3,0,2
30,100,0,0,0,0,3,6
30,200,3,2,1,0,0,0
30,200,0,3,0,0,1,0
30,200,1,0,3,0,0,4
30,200,0,2,0,3,0,2
30,200,0,0,0,1,3,6
30,300,3,0,0,2,0,0
30,300,0,3,1,0,0,0
30,300,0,2,3,0,0,4
30,300,2,2,0,3,0,2
30,300,1,1,1,1,3,6
30,400,3,1,1,1,0,0
30,400,2,3,0,1,1,0
30,400,0,0,3,2,1,4
30,400,1,2,0,3,0,2
30,400,0,0,1,2,3,6
30,500,3,1,1,1,1,1
30,500,2,3,1,1,0,1
30,500,0,0,3,0,0,5
30,500,0,0,0,3,0,3
30,500,0,0,0,0,3,7
30,600,3,0,0,1,0,1
30,600,0,3,0,0,0,1
30,600,0,0,3,0,0,5
30,600,1,0,0,3,0,3
30,600,0,2,0,0,3,7
30,700,3,0,2,0,0,1
30,700,0,3,0,1,0,1
30,700,0,1,3,0,0,5
30,700,0,0,0,3,2,3
30,700,2,2,0,0,3,7
30,800,3,1,0,0,0,1
30,800,2,3,0,0,0,1
30,800,2,1,3,0,0,5
30,800,0,0,0,3,1,3
30,800,0,0,2,0,3,7
30,900,3,1,0,0,0,1
30,900,0,3,0,2,0,1
30,900,2,2,3,0,0,5
30,900,2,2,1,3,0,3
30,900,1,2,1,0,3,7
30,1000,3,2,2,1,0,1
30,1000,0,3,0,0,0,1
30,1000,0,0,3,0,0,5
30,1000,0,0,0,3,0,3
30,1000,0,0,0,0,3,7
32,100,3,0,0,0,0,0
32,100,0,3,0,0,0,0
32,100,0,0,3,0,0,4
32,100,0,0,0,3,0,2
32,100,0,0,0,0,3,6
32,200,3,0,0,0,0,0
32,200,0,3,0,0,0,0
32,200,0,0,3,0,0,4
32,200,0,0,0,3,0,2
32,200,0,0,0,0,3,6
32,300,3,0,0,0,0,0
32,300,0,3,0,0,0,0
32,300,0,0,3,0,0,4
32,300,0,0,0,3,0,2
32,300,0,0,0,0,3,6
32,400,3,0,0,0,0,0
32,400,0,3,0,0,0,0
32,400,0,0,3,0,0,4
32,400,0,0,0,3,0,2
32,400,0,0,0,0,3,6
32,500,3,0,0,0,0,1
32,500,0,3,0,0,0,1
32,500,0,0,3,0,0,5
32,500,0,0,0,3,0,3
32,500,0,0,0,0,3,7
32,600,3,0,0,0,0,1
32,600,0,3,0,0,0,1
32,600,0,0,3,0,0,5
32,600,0,0,0,3,0,3
32,600,0,0,0,0,3,7
32,700,3,0,0,0,0,1
32,700,0,3,0,0,0,1
32,700,0,0,3,0,0,5
32,700,0,0,0,3,0,3
32,700,0,0,0,0,3,7
32,800,3,0,0,0,0,1
32,800,0,3,0,0,0,1
32,800,0,0,3,0,0,5
32,800,0,0,0,3,0,3
32,800,0,0,0,0,3,7
32,900,3,0,0,0,0,1
32,900,0,3,0,0,0,1
32,900,0,0,3,0,0,5
32,900,0,0,0,3,0,3
32,900,0,0,0,0,3,7
32,1000,3,0,0,0,0,1
32,1000,0,3,0,0,0,1
32,1000,0,0,3,0,0,5
32,1000,0,0,0,3,0,3
32,1000,0,0,0,0,3,7
32,100,3,1,0,0,0,0
32,100,2,3,0,0,0,0
32,100,0,1,3,1,0,4
32,100,1,0,0,3,0,2
32,100,0,0,0,0,3,6
32,200,3,2,1,0,0,0
32,200,0,3,0,0,1,0
32,200,1,0,3,0,0,4
32,200,0,2,0,3,0,2
32,200,0,0,0,1,3,6
32,300,3,0,0,2,0,0
32,300,0,3,1,0,0,0
32,300,0,2,3,0,0,4
32,300,2,2,0,3,0,2
32,300,1,1,1,1,3,6
32,400,3,1,1,1,0,0
32,400,2,3,0,1,1,0
32,400,0,0,3,2,1,4
32,400,1,2,0,3,0,2
32,400,0,0,1,2,3,6
32,500,3,1,1,1,1,1
32,500,2,3,1,1,0,1
32,500,0,0,3,0,0,5
32,500,0,0,0,3,0,3
32,500,0,0,0,0,3,7
32,600,3,0,0,1,0,1
32,600,0,3,0,0,0,1
32,600,0,0,3,0,0,5
32,600,1,0,0,3,0,3
32,600,0,2,0,0,3,7
32,700,3,0,2,0,0,1
32,700,0,3,0,1,0,1
32,700,0,1,3,0,0,5
32,700,0,0,0,3,2,3
32,700,2,2,0,0,3,7
32,800,3,1,0,0,0,1
32,800,2,3,0,0,0,1
32,800,2,1,3,0,0,5
32,800,0,0,0,3,1,3
32,800,0,0,2,0,3,7
32,900,3,1,0,0,0,1
32,900,0,3,0,2,0,1
32,900,2,2,3,0,0,5
32,900,2,2,1,3,0,3
32,900,1,2,1,0,3,7
32,1000,3,2,2,1,0,1
32,1000,0,3,0,0,0,1
32,1000,0,0,3,0,0,5
32,1000,0,0,0,3,0,3
32,1000,0,0,0,0,3,7
35,100,3,0,0,0,0,0
35,100,0,3,0,0,0,0
35,100,0,0,3,0,0,4
35,100,0,0,0,3,0,2
35,100,0,0,0,0,3,6
35,200,3,0,0,0,0,0
35,200,0,3,0,0,0,0
35,200,0,0,3,0,0,4
35,200,0,0,0,3,0,2
35,200,0,0,0,0,3,6
35,300,3,0,0,0,0,0
35,300,0,3,0,0,0,0
35,300,0,0,3,0,0,4
35,300,0,0,0,3,0,2
35,300,0,0,0,0,3,6
35,400,3,0,0,0,0,0
35,400,0,3,0,0,0,0
35,400,0,0,3,0,0,4
35,400,0,0,0,3,0,2
35,400,0,0,0,0,3,6
35,500,3,0,0,0,0,1
35,500,0,3,0,0,0,1
35,500,0,0,3,0,0,5
35,500,0,0,0,3,0,3
35,500,0,0,0,0,3,7
35,600,3,0,0,0,0,1
35,600,0,3,0,0,0,1
35,600,0,0,3,0,0,5
35,600,0,0,0,3,0,3
35,600,0,0,0,0,3,7
35,700,3,0,0,0,0,1
35,700,0,3,0,0,0,1
35,700,0,0,3,0,0,5
35,700,0,0,0,3,0,3
35,700,0,0,0,0,3,7
35,800,3,0,0,0,0,1
35,800,0,3,0,0,0,1
35,800,0,0,3,0,0,5
35,800,0,0,0,3,0,3
35,800,0,0,0,0,3,7
35,900,3,0,0,0,0,1
35,900,0,3,0,0,0,1
35,900,0,0,3,0,0,5
35,900,0,0,0,3,0,3
35,900,0,0,0,0,3,7
35,1000,3,0,0,0,0,1
35,1000,0,3,0,0,0,1
35,1000,0,0,3,0,0,5
35,1000,0,0,0,3,0,3
35,1000,0,0,0,0,3,7
35,100,3,1,0,0,0,0
35,100,2,3,0,0,0,0
35,100,0,1,3,1,0,4
35,100,1,0,0,3,0,2
35,100,0,0,0,0,3,6
35,200,3,2,1,0,0,0
35,200,0,3,0,0,1,0
35,200,1,0,3,0,0,4
35,200,0,2,0,3,0,2
35,200,0,0,0,1,3,6
35,300,3,0,0,2,0,0
35,300,0,3,1,0,0,0
35,300,0,2,3,0,0,4
35,300,2,2,0,3,0,2
35,300,1,1,1,1,3,6
35,400,3,1,1,1,0,0
35,400,2,3,0,1,1,0
35,400,0,0,3,2,1,4
35,400,1,2,0,3,0,2
35,400,0,0,1,2,3,6
35,500,3,1,1,1,1,1
35,500,2,3,1,1,0,1
35,500,0,0,3,0,0,5
35,500,0,0,0,3,0,3
35,500,0,0,0,0,3,7
35,600,3,0,0,1,0,1
35,600,0,3,0,0,0,1
35,600,0,0,3,0,0,5
35,600,1,0,0,3,0,3
35,600,0,2,0,0,3,7
35,700,3,0,2,0,0,1
35,700,0,3,0,1,0,1
35,700,0,1,3,0,0,5
35,700,0,0,0,3,2,3
35,700,2,2,0,0,3,7
35,800,3,1,0,0,0,1
35,800,2,3,0,0,0,1
35,800,2,1,3,0,0,5
35,800,0,0,0,3,1,3
35,800,0,0,2,0,3,7
35,900,3,1,0,0,0,1
35,900,0,3,0,2,0,1
35,900,2,2,3,0,0,5
35,900,2,2,1,3,0,3
35,900,1,2,1,0,3,7
35,1000,3,2,2,1,0,1
35,1000,0,3,0,0,0,1
35,1000,0,0,3,0,0,5
35,1000,0,0,0,3,0,3
35,1000,0,0,0,0,3,7
38,100,3,0,0,0,0,0
38,100,0,3,0,0,0,0
38,100,0,0,3,0,0,4
38,100,0,0,0,3,0,2
38,100,0,0,0,0,3,6
38,200,3,0,0,0,0,0
38,200,0,3,0,0,0,0
38,200,0,0,3,0,0,4
38,200,0,0,0,3,0,2
38,200,0,0,0,0,3,6
38,300,3,0,0,0,0,0
38,300,0,3,0,0,0,0
38,300,0,0,3,0,0,4
38,300,0,0,0,3,0,2
38,300,0,0,0,0,3,6
38,400,3,0,0,0,0,0
38,400,0,3,0,0,0,0
38,400,0,0,3,0,0,4
38,400,0,0,0,3,0,2
38,400,0,0,0,0,3,6
38,500,3,0,0,0,0,1
38,500,0,3,0,0,0,1
38,500,0,0,3,0,0,5
38,500,0,0,0,3,0,3
38,500,0,0,0,0,3,7
38,600,3,0,0,0,0,1
38,600,0,3,0,0,0,1
38,600,0,0,3,0,0,5
38,600,0,0,0,3,0,3
38,600,0,0,0,0,3,7
38,700,3,0,0,0,0,1
38,700,0,3,0,0,0,1
38,700,0,0,3,0,0,5
38,700,0,0,0,3,0,3
38,700,0,0,0,0,3,7
38,800,3,0,0,0,0,1
38,800,0,3,0,0,0,1
38,800,0,0,3,0,0,5
38,800,0,0,0,3,0,3
38,800,0,0,0,0,3,7
38,900,3,0,0,0,0,1
38,900,0,3,0,0,0,1
38,900,0,0,3,0,0,5
38,900,0,0,0,3,0,3
38,900,0,0,0,0,3,7
38,1000,3,0,0,0,0,1
38,1000,0,3,0,0,0,1
38,1000,0,0,3,0,0,5
38,1000,0,0,0,3,0,3
38,1000,0,0,0,0,3,7
38,100,3,1,0,0,0,0
38,100,2,3,0,0,0,0
38,100,0,1,3,1,0,4
38,100,1,0,0,3,0,2
38,100,0,0,0,0,3,6
38,200,3,2,1,0,0,0
38,200,0,3,0,0,1,0
38,200,1,0,3,0,0,4
38,200,0,2,0,3,0,2
38,200,0,0,0,1,3,6
38,300,3,0,0,2,0,0
38,300,0,3,1,0,0,0
38,300,0,2,3,0,0,4
38,300,2,2,0,3,0,2
38,300,1,1,1,1,3,6
38,400,3,1,1,1,0,0
38,400,2,3,0,1,1,0
38,400,0,0,3,2,1,4
38,400,1,2,0,3,0,2
38,400,0,0,1,2,3,6
38,500,3,1,1,1,1,1
38,500,2,3,1,1,0,1
38,500,0,0,3,0,0,5
38,500,0,0,0,3,0,3
38,500,0,0,0,0,3,7
38,600,3,0,0,1,0,1
38,600,0,3,0,0,0,1
38,600,0,0,3,0,0,5
38,600,1,0,0,3,0,3
38,600,0,2,0,0,3,7
38,700,3,0,2,0,0,1
38,700,0,3,0,1,0,1
38,700,0,1,3,0,0,5
38,700,0,0,0,3,2,3
38,700,2,2,0,0,3,7
38,800,3,1,0,0,0,1
38,800,2,3,0,0,0,1
38,800,2,1,3,0,0,5
38,800,0,0,0,3,1,3
38,800,0,0,2,0,3,7
38,900,3,1,0,0,0,1
38,900,0,3,0,2,0,1
38,900,2,2,3,0,0,5
38,900,2,2,1,3,0,3
38,900,1,2,1,0,3,7
38,1000,3,2,2,1,0,1
38,1000,0,3,0,0,0,1
38,1000,0,0,3,0,0,5
38,1000,0,0,0,3,0,3
38,1000,0,0,0,0,3,7
40,100,3,0,0,0,0,0
40,100,0,3,0,0,0,0
40,100,0,0,3,0,0,4
40,100,0,0,0,3,0,2
40,100,0,0,0,0,3,6
40,200,3,0,0,0,0,0
40,200,0,3,0,0,0,0
40,200,0,0,3,0,0,4
40,200,0,0,0,3,0,2
40,200,0,0,0,0,3,6
40,300,3,0,0,0,0,0
40,300,0,3,0,0,0,0
40,300,0,0,3,0,0,4
40,300,0,0,0,3,0,2
40,300,0,0,0,0,3,6
40,400,3,0,0,0,0,0
40,400,0,3,0,0,0,0
40,400,0,0,3,0,0,4
40,400,0,0,0,3,0,2
40,400,0,0,0,0,3,6
40,500,3,0,0,0,0,1
40,500,0,3,0,0,0,1
40,500,0,0,3,0,0,5
40,500,0,0,0,3,0,3
40,500,0,0,0,0,3,7
40,600,3,0,0,0,0,1
40,600,0,3,0,0,0,1
40,600,0,0,3,0,0,5
40,600,0,0,0,3,0,3
40,600,0,0,0,0,3,7
40,700,3,0,0,0,0,1
40,700,0,3,0,0,0,1
40,700,0,0,3,0,0,5
40,700,0,0,0,3,0,3
40,700,0,0,0,0,3,7
40,800,3,0,0,0,0,1
40,800,0,3,0,0,0,1
40,800,0,0,3,0,0,5
40,800,0,0,0,3,0,3
40,800,0,0,0,0,3,7
40,900,3,0,0,0,0,1
40,900,0,3,0,0,0,1
40,900,0,0,3,0,0,5
40,900,0,0,0,3,0,3
40,900,0,0,0,0,3,7
40,1000,3,0,0,0,0,1
40,1000,0,3,0,0,0,1
40,1000,0,0,3,0,0,5
40,1000,0,0,0,3,0,3
40,1000,0,0,0,0,3,7
40,100,3,1,0,0,0,0
40,100,2,3,0,0,0,0
40,100,0,1,3,1,0,4
40,100,1,0,0,3,0,2
40,100,0,0,0,0,3,6
40,200,3,2,1,0,0,0
40,200,0,3,0,0,1,0
40,200,1,0,3,0,0,4
40,200,0,2,0,3,0,2
40,200,0,0,0,1,3,6
40,300,3,0,0,2,0,0
40,300,0,3,1,0,0,0
40,300,0,2,3,0,0,4
40,300,2,2,0,3,0,2
40,300,1,1,1,1,3,6
40,400,3,1,1,1,0,0
40,400,2,3,0,1,1,0
40,400,0,0,3,2,1,4
40,400,1,2,0,3,0,2
40,400,0,0,1,2,3,6
40,500,3,1,1,1,1,1
40,500,2,3,1,1,0,1
40,500,0,0,3,0,0,5
40,500,0,0,0,3,0,3
40,500,0,0,0,0,3,7
40,600,3,0,0,1,0,1
40,600,0,3,0,0,0,1
40,600,0,0,3,0,0,5
40,600,1,0,0,3,0,3
40,600,0,2,0,0,3,7
40,700,3,0,2,0,0,1
40,700,0,3,0,1,0,1
40,700,0,1,3,0,0,5
40,700,0,0,0,3,2,3
40,700,2,2,0,0,3,7
40,800,3,1,0,0,0,1
40,800,2,3,0,0,0,1
40,800,2,1,3,0,0,5
40,800,0,0,0,3,1,3
40,800,0,0,2,0,3,7
40,900,3,1,0,0,0,1
40,900,0,3,0,2,0,1
40,900,2,2,3,0,0,5
40,900,2,2,1,3,0,3
40,900,1,2,1,0,3,7
40,1000,3,2,2,1,0,1
40,1000,0,3,0,0,0,1
40,1000,0,0,3,0,0,5
40,1000,0,0,0,3,0,3
40,1000,0,0,0,0,3,7
42,100,3,0,0,0,0,0
42,100,0,3,0,0,0,0
42,100,0,0,3,0,0,4
42,100,0,0,0,3,0,2
42,100,0,0,0,0,3,6
42,200,3,0,0,0,0,0
42,200,0,3,0,0,0,0
42,200,0,0,3,0,0,4
42,200,0,0,0,3,0,2
42,200,0,0,0,0,3,6
42,300,3,0,0,0,0,0
42,300,0,3,0,0,0,0
42,300,0,0,3,0,0,4
42,300,0,0,0,3,0,2
42,300,0,0,0,0,3,6
42,400,3,0,0,0,0,0
42,400,0,3,0,0,0,0
42,400,0,0,3,0,0,4
42,400,0,0,0,3,0,2
42,400,0,0,0,0,3,6
42,500,3,0,0,0,0,1
42,500,0,3,0,0,0,1
42,500,0,0,3,0,0,5
42,500,0,0,0,3,0,3
42,500,0,0,0,0,3,7
42,600,3,0,0,0,0,1
42,600,0,3,0,0,0,1
42,600,0,0,3,0,0,5
42,600,0,0,0,3,0,3
42,600,0,0,0,0,3,7
42,700,3,0,0,0,0,1
42,700,0,3,0,0,0,1
42,700,0,0,3,0,0,5
42,700,0,0,0,3,0,3
42,700,0,0,0,0,3,7
42,800,3,0,0,0,0,1
42,800,0,3,0,0,0,1
42,800,0,0,3,0,0,5
42,800,0,0,0,3,0,3
42,800,0,0,0,0,3,7
42,900,3,0,0,0,0,1
42,900,0,3,0,0,0,1
42,900,0,0,3,0,0,5
42,900,0,0,0,3,0,3
42,900,0,0,0,0,3,7
42,1000,3,0,0,0,0,1
42,1000,0,3,0,0,0,1
42,1000,0,0,3,0,0,5
42,1000,0,0,0,3,0,3
42,1000,0,0,0,0,3,7
42,100,3,1,0,0,0,0
42,100,2,3,0,0,0,0
42,100,0,1,3,1,0,4
42,100,1,0,0,3,0,2
42,100,0,0,0,0,3,6
42,200,3,2,1,0,0,0
42,200,0,3,0,0,1,0
42,200,1,0,3,0,0,4
42,200,0,2,0,3,0,2
42,200,0,0,0,1,3,6
42,300,3,0,0,2,0,0
42,300,0,3,1,0,0,0
42,300,0,2,3,0,0,4
42,300,2,2,0,3,0,2
42,300,1,1,1,1,3,6
42,400,3,1,1,1,0,0
42,400,2,3,0,1,1,0
42,400,0,0,3,2,1,4
42,400,1,2,0,3,0,2
42,400,0,0,1,2,3,6
42,500,3,1,1,1,1,1
42,500,2,3,1,1,0,1
42,500,0,0,3,0,0,5
42,500,0,0,0,3,0,3
42,500,0,0,0,0,3,7
42,600,3,0,0,1,0,1
42,600,0,3,0,0,0,1
42,600,0,0,3,0,0,5
42,600,1,0,0,3,0,3
42,600,0,2,0,0,3,7
42,700,3,0,2,0,0,1
42,700,0,3,0,1,0,1
42,700,0,1,3,0,0,5
42,700,0,0,0,3,2,3
42,700,2,2,0,0,3,7
42,800,3,1,0,0,0,1
42,800,2,3,0,0,0,1
42,800,2,1,3,0,0,5
42,800,0,0,0,3,1,3
42,800,0,0,2,0,3,7
42,900,3,1,0,0,0,1
42,900,0,3,0,2,0,1
42,900,2,2,3,0,0,5
42,900,2,2,1,3,0,3
42,900,1,2,1,0,3,7
42,1000,3,2,2,1,0,1
42,1000,0,3,0,0,0,1
42,1000,0,0,3,0,0,5
42,1000,0,0,0,3,0,3
42,1000,0,0,0,0,3,7
45,100,3,0,0,0,0,0
45,100,0,3,0,0,0,0
45,100,0,0,3,0,0,4
45,100,0,0,0,3,0,2
45,100,0,0,0,0,3,6
45,200,3,0,0,0,0,0
45,200,0,3,0,0,0,0
45,200,0,0,3,0,0,4
45,200,0,0,0,3,0,2
45,200,0,0,0,0,3,6
45,300,3,0,0,0,0,0
45,300,0,3,0,0,0,0
45,300,0,0,3,0,0,4
45,300,0,0,0,3,0,2
45,300,0,0,0,0,3,6
45,400,3,0,0,0,0,0
45,400,0,3,0,0,0,0
45,400,0,0,3,0,0,4
45,400,0,0,0,3,0,2
45,400,0,0,0,0,3,6
45,500,3,0,0,0,0,1
45,500,0,3,0,0,0,1
45,500,0,0,3,0,0,5
45,500,0,0,0,3,0,3
45,500,0,0,0,0,3,7
45,600,3,0,0,0,0,1
45,600,0,3,0,0,0,1
45,600,0,0,3,0,0,5
45,600,0,0,0,3,0,3
45,600,0,0,0,0,3,7
45,700,3,0,0,0,0,1
45,700,0,3,0,0,0,1
45,700,0,0,3,0,0,5
45,700,0,0,0,3,0,3
45,700,0,0,0,0,3,7
45,800,3,0,0,0,0,1
45,800,0,3,0,0,0,1
45,800,0,0,3,0,0,5
45,800,0,0,0,3,0,3
45,800,0,0,0,0,3,7
45,900,3,0,0,0,0,1
45,900,0,3,0,0,0,1
45,900,0,0,3,0,0,5
45,900,0,0,0,3,0,3
45,900,0,0,0,0,3,7
45,1000,3,0,0,0,0,1
45,1000,0,3,0,0,0,1
45,1000,0,0,3,0,0,5
45,1000,0,0,0,3,0,3
45,1000,0,0,0,0,3,7
45,100,3,1,0,0,0,0
45,100,2,3,0,0,0,0
45,100,0,1,3,1,0,4
45,100,1,0,0,3,0,2
45,100,0,0,0,0,3,6
45,200,3,2,1,0,0,0
45,200,0,3,0,0,1,0
45,200,1,0,3,0,0,4
45,200,0,2,0,3,0,2
45,200,0,0,0,1,3,6
45,300,3,0,0,2,0,0
45,300,0,3,1,0,0,0
45,300,0,2,3,0,0,4
45,300,2,2,0,3,0,2
45,300,1,1,1,1,3,6
45,400,3,1,1,1,0,0
45,400,2,3,0,1,1,0
45,400,0,0,3,2,1,4
45,400,1,2,0,3,0,2
45,400,0,0,1,2,3,6
45,500,3,1,1,1,1,1
45,500,2,3,1,1,0,1
45,500,0,0,3,0,0,5
45,500,0,0,0,3,0,3
45,500,0,0,0,0,3,7
45,600,3,0,0,1,0,1
45,600,0,3,0,0,0,1
45,600,0,0,3,0,0,5
45,600,1,0,0,3,0,3
45,600,0,2,0,0,3,7
45,700,3,0,2,0,0,1
45,700,0,3,0,1,0,1
45,700,0,1,3,0,0,5
45,700,0,0,0,3,2,3
45,700,2,2,0,0,3,7
45,800,3,1,0,0,0,1
45,800,2,3,0,0,0,1
45,800,2,1,3,0,0,5
45,800,0,0,0,3,1,3
45,800,0,0,2,0,3,7
45,900,3,1,0,0,0,1
45,900,0,3,0,2,0,1
45,900,2,2,3,0,0,5
45,900,2,2,1,3,0,3
45,900,1,2,1,0,3,7
45,1000,3,2,2,1,0,1
45,1000,0,3,0,0,0,1
45,1000,0,0,3,0,0,5
45,1000,0,0,0,3,0,3
45,1000,0,0,0,0,3,7
47,100,3,0,0,0,0,0
47,100,0,3,0,0,0,0
47,100,0,0,3,0,0,4
47,100,0,0,0,3,0,2
47,100,0,0,0,0,3,6
47,200,3,0,0,0,0,0
47,200,0,3,0,0,0,0
47,200,0,0,3,0,0,4
47,200,0,0,0,3,0,2
47,200,0,0,0,0,3,6
47,300,3,0,0,0,0,0
47,300,0,3,0,0,0,0
47,300,0,0,3,0,0,4
47,300,0,0,0,3,0,2
47,300,0,0,0,0,3,6
47,400,3,0,0,0,0,0
47,400,0,3,0,0,0,0
47,400,0,0,3,0,0,4
47,400,0,0,0,3,0,2
47,400,0,0,0,0,3,6
47,500,3,0,0,0,0,1
47,500,0,3,0,0,0,1
47,500,0,0,3,0,0,5
47,500,0,0,0,3,0,3
47,500,0,0,0,0,3,7
47,600,3,0,0,0,0,1
47,600,0,3,0,0,0,1
47,600,0,0,3,0,0,5
47,600,0,0,0,3,0,3
47,600,0,0,0,0,3,7
47,700,3,0,0,0,0,1
47,700,0,3,0,0,0,1
47,700,0,0,3,0,0,5
47,700,0,0,0,3,0,3
47,700,0,0,0,0,3,7
47,800,3,0,0,0,0,1
47,800,0,3,0,0,0,1
47,800,0,0,3,0,0,5
47,800,0,0,0,3,0,3
47,800,0,0,0,0,3,7
47,900,3,0,0,0,0,1
47,900,0,3,0,0,0,1
47,900,0,0,3,0,0,5
47,900,0,0,0,3,0,3
47,900,0,0,0,0,3,7
47,1000,3,0,0,0,0,1
47,1000,0,3,0,0,0,1
47,1000,0,0,3,0,0,5
47,1000,0,0,0,3,0,3
47,1000,0,0,0,0,3,7
47,100,3,1,0,0,0,0
47,100,2,3,0,0,0,0
47,100,0,1,3,1,0,4
47,100,1,0,0,3,0,2
47,100,0,0,0,0,3,6
47,200,3,2,1,0,0,0
47,200,0,3,0,0,1,0
47,200,1,0,3,0,0,4
47,200,0,2,0,3,0,2
47,200,0,0,0,1,3,6
47,300,3,0,0,2,0,0
47,300,0,3,1,0,0,0
47,300,0,2,3,0,0,4
47,300,2,2,0,3,0,2
47,300,1,1,1,1,3,6
47,400,3,1,1,1,0,0
47,400,2,3,0,1,1,0
47,400,0,0,3,2,1,4
47,400,1,2,0,3,0,2
47,400,0,0,1,2,3,6
47,500,3,1,1,1,1,1
47,500,2,3,1,1,0,1
47,500,0,0,3,0,0,5
47,500,0,0,0,3,0,3
47,500,0,0,0,0,3,7
47,600,3,0,0,1,0,1
47,600,0,3,0,0,0,1
47,600,0,0,3,0,0,5
47,600,1,0,0,3,0,3
47,600,0,2,0,0,3,7
47,700,3,0,2,0,0,1
47,700,0,3,0,1,0,1
47,700,0,1,3,0,0,5
47,700,0,0,0,3,2,3
47,700,2,2,0,0,3,7
47,800,3,1,0,0,0,1
47,800,2,3,0,0,0,1
47,800,2,1,3,0,0,5
47,800,0,0,0,3,1,3
47,800,0,0,2,0,3,7
47,900,3,1,0,0,0,1
47,900,0,3,0,2,0,1
47,900,2,2,3,0,0,5
47,900,2,2,1,3,0,3
47,900,1,2,1,0,3,7
47,1000,3,2,2,1,0,1
47,1000,0,3,0,0,0,1
47,1000,0,0,3,0,0,5
47,1000,0,0,0,3,0,3
47,1000,0,0,0,0,3,7
50,100,3,0,0,0,0,0
50,100,0,3,0,0,0,0
50,100,0,0,3,0,0,4
50,100,0,0,0,3,0,2
50,100,0,0,0,0,3,6
50,200,3,0,0,0,0,0
50,200,0,3,0,0,0,0
50,200,0,0,3,0,0,4
50,200,0,0,0,3,0,2
50,200,0,0,0,0,3,6
50,300,3,0,0,0,0,0
50,300,0,3,0,0,0,0
50,300,0,0,3,0,0,4
50,300,0,0,0,3,0,2
50,300,0,0,0,0,3,6
50,400,3,0,0,0,0,0
50,400,0,3,0,0,0,0
50,400,0,0,3,0,0,4
50,400,0,0,0,3,0,2
50,400,0,0,0,0,3,6
50,500,3,0,0,0,0,1
50,500,0,3,0,0,0,1
50,500,0,0,3,0,0,5
50,500,0,0,0,3,0,3
50,500,0,0,0,0,3,7
50,600,3,0,0,0,0,1
50,600,0,3,0,0,0,1
50,600,0,0,3,0,0,5
50,600,0,0,0,3,0,3
50,600,0,0,0,0,3,7
50,700,3,0,0,0,0,1
50,700,0,3,0,0,0,1
50,700,0,0,3,0,0,5
50,700,0,0,0,3,0,3
50,700,0,0,0,0,3,7
50,800,3,0,0,0,0,1
50,800,0,3,0,0,0,1
50,800,0,0,3,0,0,5
50,800,0,0,0,3,0,3
50,800,0,0,0,0,3,7
50,900,3,0,0,0,0,1
50,900,0,3,0,0,0,1
50,900,0,0,3,0,0,5
50,900,0,0,0,3,0,3
50,900,0,0,0,0,3,7
50,1000,3,0,0,0,0,1
50,1000,0,3,0,0,0,1
50,1000,0,0,3,0,0,5
50,1000,0,0,0,3,0,3
50,1000,0,0,0,0,3,7
50,100,3,1,0,0,0,0
50,100,2,3,0,0,0,0
50,100,0,1,3,1,0,4
50,100,1,0,0,3,0,2
50,100,0,0,0,0,3,6
50,200,3,2,1,0,0,0
50,200,0,3,0,0,1,0
50,200,1,0,3,0,0,4
50,200,0,2,0,3,0,2
50,200,0,0,0,1,3,6
50,300,3,0,0,2,0,0
50,300,0,3,1,0,0,0
50,300,0,2,3,0,0,4
50,300,2,2,0,3,0,2
50,300,1,1,1,1,3,6
50,400,3,1,1,1,0,0
50,400,2,3,0,1,1,0
50,400,0,0,3,2,1,4
50,400,1,2,0,3,0,2
50,400,0,0,1,2,3,6
50,500,3,1,1,1,1,1
50,500,2,3,1,1,0,1
50,500,0,0,3,0,0,5
50,500,0,0,0,3,0,3
50,500,0,0,0,0,3,7
50,600,3,0,0,1,0,1
50,600,0,3,0,0,0,1
50,600,0,0,3,0,0,5
50,600,1,0,0,3,0,3
50,600,0,2,0,0,3,7
50,700,3,0,2,0,0,1
50,700,0,3,0,1,0,1
50,700,0,1,3,0,0,5
50,700,0,0,0,3,2,3
50,700,2,2,0,0,3,7
50,800,3,1,0,0,0,1
50,800,2,3,0,0,0,1
50,800,2,1,3,0,0,5
50,800,0,0,0,3,1,3
50,800,0,0,2,0,3,7
50,900,3,1,0,0,0,1
50,900,0,3,0,2,0,1
50,900,2,2,3,0,0,5
50,900,2,2,1,3,0,3
50,900,1,2,1,0,3,7
50,1000,3,2,2,1,0,1
50,1000,0,3,0,0,0,1
50,1000,0,0,3,0,0,5
50,1000,0,0,0,3,0,3
50,1000,0,0,0,0,3,7
55,100,3,0,0,0,0,0
55,100,0,3,0,0,0,0
55,100,0,0,3,0,0,4
55,100,0,0,0,3,0,2
55,100,0,0,0,0,3,6
55,200,3,0,0,0,0,0
55,200,0,3,0,0,0,0
55,200,0,0,3,0,0,4
55,200,0,0,0,3,0,2
55,200,0,0,0,0,3,6
55,300,3,0,0,0,0,0
55,300,0,3,0,0,0,0
55,300,0,0,3,0,0,4
55,300,0,0,0,3,0,2
55,300,0,0,0,0,3,6
55,400,3,0,0,0,0,0
55,400,0,3,0,0,0,0
55,400,0,0,3,0,0,4
55,400,0,0,0,3,0,2
55,400,0,0,0,0,3,6
55,500,3,0,0,0,0,1
55,500,0,3,0,0,0,1
55,500,0,0,3,0,0,5
55,500,0,0,0,3,0,3
55,500,0,0,0,0,3,7
55,600,3,0,0,0,0,1
55,600,0,3,0,0,0,1
55,600,0,0,3,0,0,5
55,600,0,0,0,3,0,3
55,600,0,0,0,0,3,7
55,700,3,0,0,0,0,1
55,700,0,3,0,0,0,1
55,700,0,0,3,0,0,5
55,700,0,0,0,3,0,3
55,700,0,0,0,0,3,7
55,800,3,0,0,0,0,1
55,800,0,3,0,0,0,1
55,800,0,0,3,0,0,5
55,800,0,0,0,3,0,3
55,800,0,0,0,0,3,7
55,900,3,0,0,0,0,1
55,900,0,3,0,0,0,1
55,900,0,0,3,0,0,5
55,900,0,0,0,3,0,3
55,900,0,0,0,0,3,7
55,1000,3,0,0,0,0,1
55,1000,0,3,0,0,0,1
55,1000,0,0,3,0,0,5
55,1000,0,0,0,3,0,3
55,1000,0,0,0,0,3,7
55,100,3,1,0,0,0,0
55,100,2,3,0,0,0,0
55,100,0,1,3,1,0,4
55,100,1,0,0,3,0,2
55,100,0,0,0,0,3,6
55,200,3,2,1,0,0,0
55,200,0,3,0,0,1,0
55,200,1,0,3,0,0,4
55,200,0,2,0,3,0,2
55,200,0,0,0,1,3,6
55,300,3,0,0,2,0,0
55,300,0,3,1,0,0,0
55,300,0,2,3,0,0,4
55,300,2,2,0,3,0,2
55,300,1,1,1,1,3,6
55,400,3,1,1,1,0,0
55,400,2,3,0,1,1,0
55,400,0,0,3,2,1,4
55,400,1,2,0,3,0,2
55,400,0,0,1,2,3,6
55,500,3,1,1,1,1,1
55,500,2,3,1,1,0,1
55,500,0,0,3,0,0,5
55,500,0,0,0,3,0,3
55,500,0,0,0,0,3,7
55,600,3,0,0,1,0,1
55,600,0,3,0,0,0,1
55,600,0,0,3,0,0,5
55,600,1,0,0,3,0,3
55,600,0,2,0,0,3,7
55,700,3,0,2,0,0,1
55,700,0,3,0,1,0,1
55,700,0,1,3,0,0,5
55,700,0,0,0,3,2,3
55,700,2,2,0,0,3,7
55,800,3,1,0,0,0,1
55,800,2,3,0,0,0,1
55,800,2,1,3,0,0,5
55,800,0,0,0,3,1,3
55,800,0,0,2,0,3,7
55,900,3,1,0,0,0,1
55,900,0,3,0,2,0,1
55,900,2,2,3,0,0,5
55,900,2,2,1,3,0,3
55,900,1,2,1,0,3,7
55,1000,3,2,2,1,0,1
55,1000,0,3,0,0,0,1
55,1000,0,0,3,0,0,5
55,1000,0,0,0,3,0,3
55,1000,0,0,0,0,3,7
60,100,3,0,0,0,0,0
60,100,0,3,0,0,0,0
60,100,0,0,3,0,0,4
60,100,0,0,0,3,0,2
60,100,0,0,0,0,3,6
60,200,3,0,0,0,0,0
60,200,0,3,0,0,0,0
60,200,0,0,3,0,0,4
60,200,0,0,0,3,0,2
60,200,0,0,0,0,3,6
60,300,3,0,0,0,0,0
60,300,0,3,0,0,0,0
60,300,0,0,3,0,0,4
60,300,0,0,0,3,0,2
60,300,0,0,0,0,3,6
60,400,3,0,0,0,0,0
60,400,0,3,0,0,0,0
60,400,0,0,3,0,0,4
60,400,0,0,0,3,0,2
60,400,0,0,0,0,3,6
60,500,3,0,0,0,0,1
60,500,0,3,0,0,0,1
60,500,0,0,3,0,0,5
60,500,0,0,0,3,0,3
60,500,0,0,0,0,3,7
60,600,3,0,0,0,0,1
60,600,0,3,0,0,0,1
60,600,0,0,3,0,0,5
60,600,0,0,0,3,0,3
60,600,0,0,0,0,3,7
60,700,3,0,0,0,0,1
60,700,0,3,0,0,0,1
60,700,0,0,3,0,0,5
60,700,0,0,0,3,0,3
60,700,0,0,0,0,3,7
60,800,3,0,0,0,0,1
60,800,0,3,0,0,0,1
60,800,0,0,3,0,0,5
60,800,0,0,0,3,0,3
60,800,0,0,0,0,3,7
60,900,3,0,0,0,0,1
60,900,0,3,0,0,0,1
60,900,0,0,3,0,0,5
60,900,0,0,0,3,0,3
60,900,0,0,0,0,3,7
60,1000,3,0,0,0,0,1
60,1000,0,3,0,0,0,1
60,1000,0,0,3,0,0,5
60,1000,0,0,0,3,0,3
60,1000,0,0,0,0,3,7
60,100,3,1,0,0,0,0
60,100,2,3,0,0,0,0
60,100,0,1,3,1,0,4
60,100,1,0,0,3,0,2
60,100,0,0,0,0,3,6
60,200,3,2,1,0,0,0
60,200,0,3,0,0,1,0
60,200,1,0,3,0,0,4
60,200,0,2,0,3,0,2
60,200,0,0,0,1,3,6
60,300,3,0,0,2,0,0
60,300,0,3,1,0,0,0
60,300,0,2,3,0,0,4
60,300,2,2,0,3,0,2
60,300,1,1,1,1,3,6
60,400,3,1,1,1,0,0
60,400,2,3,0,1,1,0
60,400,0,0,3,2,1,4
60,400,1,2,0,3,0,2
60,400,0,0,1,2,3,6
60,500,3,1,1,1,1,1
60,500,2,3,1,1,0,1
60,500,0,0,3,0,0,5
60,500,0,0,0,3,0,3
60,500,0,0,0,0,3,7
60,600,3,0,0,1,0,1
60,600,0,3,0,0,0,1
60,600,0,0,3,0,0,5
60,600,1,0,0,3,0,3
60,600,0,2,0,0,3,7
60,700,3,0,2,0,0,1
60,700,0,3,0,1,0,1
60,700,0,1,3,0,0,5
60,700,0,0,0,3,2,3
60,700,2,2,0,0,3,7
60,800,3,1,0,0,0,1
60,800,2,3,0,0,0,1
60,800,2,1,3,0,0,5
60,800,0,0,0,3,1,3
60,800,0,0,2,0,3,7
60,900,3,1,0,0,0,1
60,900,0,3,0,2,0,1
60,900,2,2,3,0,0,5
60,900,2,2,1,3,0,3
60,900,1,2,1,0,3,7
60,1000,3,2,2,1,0,1
60,1000,0,3,0,0,0,1
60,1000,0,0,3,0,0,5
60,1000,0,0,0,3,0,3
60,1000,0,0,0,0,3,7
65,100,3,0,0,0,0,0
65,100,0,3,0,0,0,0
65,100,0,0,3,0,0,4
65,100,0,0,0,3,0,2
65,100,0,0,0,0,3,6
65,200,3,0,0,0,0,0
65,200,0,3,0,0,0,0
65,200,0,0,3,0,0,4
65,200,0,0,0,3,0,2
65,200,0,0,0,0,3,6
65,300,3,0,0,0,0,0
65,300,0,3,0,0,0,0
65,300,0,0,3,0,0,4
65,300,0,0,0,3,0,2
65,300,0,0,0,0,3,6
65,400,3,0,0,0,0,0
65,400,0,3,0,0,0,0
65,400,0,0,3,0,0,4
65,400,0,0,0,3,0,2
65,400,0,0,0,0,3,6
65,500,3,0,0,0,0,1
65,500,0,3,0,0,0,1
65,500,0,0,3,0,0,5
65,500,0,0,0,3,0,3
65,500,0,0,0,0,3,7
65,600,3,0,0,0,0,1
65,600,0,3,0,0,0,1
65,600,0,0,3,0,0,5
65,600,0,0,0,3,0,3
65,600,0,0,0,0,3,7
65,700,3,0,0,0,0,1
65,700,0,3,0,0,0,1
65,700,0,0,3,0,0,5
65,700,0,0,0,3,0,3
65,700,0,0,0,0,3,7
65,800,3,0,0,0,0,1
65,800,0,3,0,0,0,1
65,800,0,0,3,0,0,5
65,800,0,0,0,3,0,3
65,800,0,0,0,0,3,7
65,900,3,0,0,0,0,1
65,900,0,3,0,0,0,1
65,900,0,0,3,0,0,5
65,900,0,0,0,3,0,3
65,900,0,0,0,0,3,7
65,1000,3,0,0,0,0,1
65,1000,0,3,0,0,0,1
65,1000,0,0,3,0,0,5
65,1000,0,0,0,3,0,3
65,1000,0,0,0,0,3,7
65,100,3,1,0,0,0,0
65,100,2,3,0,0,0,0
65,100,0,1,3,1,0,4
65,100,1,0,0,3,0,2
65,100,0,0,0,0,3,6
65,200,3,2,1,0,0,0
65,200,0,3,0,0,1,0
65,200,1,0,3,0,0,4
65,200,0,2,0,3,0,2
65,200,0,0,0,1,3,6
65,300,3,0,0,2,0,0
65,300,0,3,1,0,0,0
65,300,0,2,3,0,0,4
65,300,2,2,0,3,0,2
65,300,1,1,1,1,3,6
65,400,3,1,1,1,0,0
65,400,2,3,0,1,1,0
65,400,0,0,3,2,1,4
65,400,1,2,0,3,0,2
65,400,0,0,1,2,3,6
65,500,3,1,1,1,1,1
65,500,2,3,1,1,0,1
65,500,0,0,3,0,0,5
65,500,0,0,0,3,0,3
65,500,0,0,0,0,3,7
65,600,3,0,0,1,0,1
65,600,0,3,0,0,0,1
65,600,0,0,3,0,0,5
65,600,1,0,0,3,0,3
65,600,0,2,0,0,3,7
65,700,3,0,2,0,0,1
65,700,0,3,0,1,0,1
65,700,0,1,3,0,0,5
65,700,0,0,0,3,2,3
65,700,2,2,0,0,3,7
65,800,3,1,0,0,0,1
65,800,2,3,0,0,0,1
65,800,2,1,3,0,0,5
65,800,0,0,0,3,1,3
65,800,0,0,2,0,3,7
65,900,3,1,0,0,0,1
65,900,0,3,0,2,0,1
65,900,2,2,3,0,0,5
65,900,2,2,1,3,0,3
65,900,1,2,1,0,3,7
65,1000,3,2,2,1,0,1
65,1000,0,3,0,0,0,1
65,1000,0,0,3,0,0,5
65,1000,0,0,0,3,0,3
65,1000,0,0,0,0,3,7
70,100,3,0,0,0,0,0
70,100,0,3,0,0,0,0
70,100,0,0,3,0,0,4
70,100,0,0,0,3,0,2
70,100,0,0,0,0,3,6
70,200,3,0,0,0,0,0
70,200,0,3,0,0,0,0
70,200,0,0,3,0,0,4
70,200,0,0,0,3,0,2
70,200,0,0,0,0,3,6
70,300,3,0,0,0,0,0
70,300,0,3,0,0,0,0
70,300,0,0,3,0,0,4
70,300,0,0,0,3,0,2
70,300,0,0,0,0,3,6
70,400,3,0,0,0,0,0
70,400,0,3,0,0,0,0
70,400,0,0,3,0,0,4
70,400,0,0,0,3,0,2
70,400,0,0,0,0,3,6
70,500,3,0,0,0,0,1
70,500,0,3,0,0,0,1
70,500,0,0,3,0,0,5
70,500,0,0,0,3,0,3
70,500,0,0,0,0,3,7
70,600,3,0,0,0,0,1
70,600,0,3,0,0,0,1
70,600,0,0,3,0,0,5
70,600,0,0,0,3,0,3
70,600,0,0,0,0,3,7
70,700,3,0,0,0,0,1
70,700,0,3,0,0,0,1
70,700,0,0,3,0,0,5
70,700,0,0,0,3,0,3
70,700,0,0,0,0,3,7
70,800,3,0,0,0,0,1
70,800,0,3,0,0,0,1
70,800,0,0,3,0,0,5
70,800,0,0,0,3,0,3
70,800,0,0,0,0,3,7
70,900,3,0,0,0,0,1
70,900,0,3,0,0,0,1
70,900,0,0,3,0,0,5
70,900,0,0,0,3,0,3
70,900,0,0,0,0,3,7
70,1000,3,0,0,0,0,1
70,1000,0,3,0,0,0,1
70,1000,0,0,3,0,0,5
70,1000,0,0,0,3,0,3
70,1000,0,0,0,0,3,7
70,100,3,1,0,0,0,0
70,100,2,3,0,0,0,0
70,100,0,1,3,1,0,4
70,100,1,0,0,3,0,2
70,100,0,0,0,0,3,6
70,200,3,2,1,0,0,0
70,200,0,3,0,0,1,0
70,200,1,0,3,0,0,4
70,200,0,2,0,3,0,2
70,200,0,0,0,1,3,6
70,300,3,0,0,2,0,0
70,300,0,3,1,0,0,0
70,300,0,2,3,0,0,4
70,300,2,2,0,3,0,2
70,300,1,1,1,1,3,6
70,400,3,1,1,1,0,0
70,400,2,3,0,1,1,0
70,400,0,0,3,2,1,4
70,400,1,2,0,3,0,2
70,400,0,0,1,2,3,6
70,500,3,1,1,1,1,1
70,500,2,3,1,1,0,1
70,500,0,0,3,0,0,5
70,500,0,0,0,3,0,3
70,500,0,0,0,0,3,7
70,600,3,0,0,1,0,1
70,600,0,3,0,0,0,1
70,600,0,0,3,0,0,5
70,600,1,0,0,3,0,3
70,600,0,2,0,0,3,7
70,700,3,0,2,0,0,1
70,700,0,3,0,1,0,1
70,700,0,1,3,0,0,5
70,700,0,0,0,3,2,3
70,700,2,2,0,0,3,7
70,800,3,1,0,0,0,1
70,800,2,3,0,0,0,1
70,800,2,1,3,0,0,5
70,800,0,0,0,3,1,3
70,800,0,0,2,0,3,7
70,900,3,1,0,0,0,1
70,900,0,3,0,2,0,1
70,900,2,2,3,0,0,5
70,900,2,2,1,3,0,3
70,900,1,2,1,0,3,7
70,1000,3,2,2,1,0,1
70,1000,0,3,0,0,0,1
70,1000,0,0,3,0,0,5
70,1000,0,0,0,3,0,3
70,1000,0,0,0,0,3,7
75,100,3,0,0,0,0,0
75,100,0,3,0,0,0,0
75,100,0,0,3,0,0,4
75,100,0,0,0,3,0,2
75,100,0,0,0,0,3,6
75,200,3,0,0,0,0,0
75,200,0,3,0,0,0,0
75,200,0,0,3,0,0,4
75,200,0,0,0,3,0,2
75,200,0,0,0,0,3,6
75,300,3,0,0,0,0,0
75,300,0,3,0,0,0,0
75,300,0,0,3,0,0,4
75,300,0,0,0,3,0,2
75,300,0,0,0,0,3,6
75,400,3,0,0,0,0,0
75,400,0,3,0,0,0,0
75,400,0,0,3,0,0,4
75,400,0,0,0,3,0,2
75,400,0,0,0,0,3,6
75,500,3,0,0,0,0,1
75,500,0,3,0,0,0,1
75,500,0,0,3,0,0,5
75,500,0,0,0,3,0,3
75,500,0,0,0,0,3,7
75,600,3,0,0,0,0,1
75,600,0,3,0,0,0,1
75,600,0,0,3,0,0,5
75,600,0,0,0,3,0,3
75,600,0,0,0,0,3,7
75,700,3,0,0,0,0,1
75,700,0,3,0,0,0,1
75,700,0,0,3,0,0,5
75,700,0,0,0,3,0,3
75,700,0,0,0,0,3,7
75,800,3,0,0,0,0,1
75,800,0,3,0,0,0,1
75,800,0,0,3,0,0,5
75,800,0,0,0,3,0,3
75,800,0,0,0,0,3,7
75,900,3,0,0,0,0,1
75,900,0,3,0,0,0,1
75,900,0,0,3,0,0,5
75,900,0,0,0,3,0,3
75,900,0,0,0,0,3,7
75,1000,3,0,0,0,0,1
75,1000,0,3,0,0,0,1
75,1000,0,0,3,0,0,5
75,1000,0,0,0,3,0,3
75,1000,0,0,0,0,3,7
75,100,3,1,0,0,0,0
75,100,2,3,0,0,0,0
75,100,0,1,3,1,0,4
75,100,1,0,0,3,0,2
75,100,0,0,0,0,3,6
75,200,3,2,1,0,0,0
75,200,0,3,0,0,1,0
75,200,1,0,3,0,0,4
75,200,0,2,0,3,0,2
75,200,0,0,0,1,3,6
75,300,3,0,0,2,0,0
75,300,0,3,1,0,0,0
75,300,0,2,3,0,0,4
75,300,2,2,0,3,0,2
75,300,1,1,1,1,3,6
75,400,3,1,1,1,0,0
75,400,2,3,0,1,1,0
75,400,0,0,3,2,1,4
75,400,1,2,0,3,0,2
75,400,0,0,1,2,3,6
75,500,3,1,1,1,1,1
75,500,2,3,1,1,0,1
75,500,0,0,3,0,0,5
75,500,0,0,0,3,0,3
75,500,0,0,0,0,3,7
75,600,3,0,0,1,0,1
75,600,0,3,0,0,0,1
75,600,0,0,3,0,0,5
75,600,1,0,0,3,0,3
75,600,0,2,0,0,3,7
75,700,3,0,2,0,0,1
75,700,0,3,0,1,0,1
75,700,0,1,3,0,0,5
75,700,0,0,0,3,2,3
75,700,2,2,0,0,3,7
75,800,3,1,0,0,0,1
75,800,2,3,0,0,0,1
75,800,2,1,3,0,0,5
75,800,0,0,0,3,1,3
75,800,0,0,2,0,3,7
75,900,3,1,0,0,0,1
75,900,0,3,0,2,0,1
75,900,2,2,3,0,0,5
75,900,2,2,1,3,0,3
75,900,1,2,1,0,3,7
75,1000,3,2,2,1,0,1
75,1000,0,3,0,0,0,1
75,1000,0,0,3,0,0,5
75,1000,0,0,0,3,0,3
75,1000,0,0,0,0,3,7
80,100,3,0,0,0,0,0
80,100,0,3,0,0,0,0
80,100,0,0,3,0,0,4
80,100,0,0,0,3,0,2
80,100,0,0,0,0,3,6
80,200,3,0,0,0,0,0
80,200,0,3,0,0,0,0
80,200,0,0,3,0,0,4
80,200,0,0,0,3,0,2
80,200,0,0,0,0,3,6
80,300,3,0,0,0,0,0
80,300,0,3,0,0,0,0
80,300,0,0,3,0,0,4
80,300,0,0,0,3,0,2
80,300,0,0,0,0,3,6
80,400,3,0,0,0,0,0
80,400,0,3,0,0,0,0
80,400,0,0,3,0,0,4
80,400,0,0,0,3,0,2
80,400,0,0,0,0,3,6
80,500,3,0,0,0,0,1
80,500,0,3,0,0,0,1
80,500,0,0,3,0,0,5
80,500,0,0,0,3,0,3
80,500,0,0,0,0,3,7
80,600,3,0,0,0,0,1
80,600,0,3,0,0,0,1
80,600,0,0,3,0,0,5
80,600,0,0,0,3,0,3
80,600,0,0,0,0,3,7
80,700,3,0,0,0,0,1
80,700,0,3,0,0,0,1
80,700,0,0,3,0,0,5
80,700,0,0,0,3,0,3
80,700,0,0,0,0,3,7
80,800,3,0,0,0,0,1
80,800,0,3,0,0,0,1
80,800,0,0,3,0,0,5
80,800,0,0,0,3,0,3
80,800,0,0,0,0,3,7
80,900,3,0,0,0,0,1
80,900,0,3,0,0,0,1
80,900,0,0,3,0,0,5
80,900,0,0,0,3,0,3
80,900,0,0,0,0,3,7
80,1000,3,0,0,0,0,1
80,1000,0,3,0,0,0,1
80,1000,0,0,3,0,0,5
80,1000,0,0,0,3,0,3
80,1000,0,0,0,0,3,7
80,100,3,1,0,0,0,0
80,100,2,3,0,0,0,0
80,100,0,1,3,1,0,4
80,100,1,0,0,3,0,2
80,100,0,0,0,0,3,6
80,200,3,2,1,0,0,0
80,200,0,3,0,0,1,0
80,200,1,0,3,0,0,4
80,200,0,2,0,3,0,2
80,200,0,0,0,1,3,6
80,300,3,0,0,2,0,0
80,300,0,3,1,0,0,0
80,300,0,2,3,0,0,4
80,300,2,2,0,3,0,2
80,300,1,1,1,1,3,6
80,400,3,1,1,1,0,0
80,400,2,3,0,1,1,0
80,400,0,0,3,2,1,4
80,400,1,2,0,3,0,2
80,400,0,0,1,2,3,6
80,500,3,1,1,1,1,1
80,500,2,3,1,1,0,1
80,500,0,0,3,0,0,5
80,500,0,0,0,3,0,3
80,500,0,0,0,0,3,7
80,600,3,0,0,1,0,1
80,600,0,3,0,0,0,1
80,600,0,0,3,0,0,5
80,600,1,0,0,3,0,3
80,600,0,2,0,0,3,7
80,700,3,0,2,0,0,1
80,700,0,3,0,1,0,1
80,700,0,1,3,0,0,5
80,700,0,0,0,3,2,3
80,700,2,2,0,0,3,7
80,800,3,1,0,0,0,1
80,800,2,3,0,0,0,1
80,800,2,1,3,0,0,5
80,800,0,0,0,3,1,3
80,800,0,0,2,0,3,7
80,900,3,1,0,0,0,1
80,900,0,3,0,2,0,1
80,900,2,2,3,0,0,5
80,900,2,2,1,3,0,3
80,900,1,2,1,0,3,7
80,1000,3,2,2,1,0,1
80,1000,0,3,0,0,0,1
80,1000,0,0,3,0,0,5
80,1000,0,0,0,3,0,3
80,1000,0,0,0,0,3,7